{
  "SPY": {
    "loss": [
      0.01835503987967968,
      0.0034510318655520678,
      0.003154086647555232,
      0.002919003600254655,
      0.002490915125235915,
      0.0025273319333791733,
      0.002782146679237485,
      0.001987694064155221,
      0.0020258035510778427,
      0.0020205173641443253,
      0.0018903822638094425,
      0.0018344874260947108,
      0.0018008662154898047,
      0.0018788921879604459,
      0.001780669903382659,
      0.0016268912004306912,
      0.001552328816615045,
      0.001474721939302981,
      0.001491675153374672,
      0.0016349024372175336,
      0.001571416505612433,
      0.001475367578677833,
      0.0013954165624454618,
      0.0014630942605435848,
      0.001478701364248991,
      0.0015355318319052458,
      0.0015532340621575713,
      0.0014869547449052334,
      0.0014408767456188798,
      0.0013840412721037865,
      0.0013999949442222714,
      0.0013066544197499752,
      0.001294413348659873,
      0.0013250814517959952,
      0.0013589153531938791,
      0.0015124252531677485,
      0.0013249428011476994,
      0.0013504867674782872,
      0.0013210480101406574,
      0.0014813313027843833,
      0.001352956984192133,
      0.0013680241536349058,
      0.0014416902558878064,
      0.0013725606258958578,
      0.0013618773082271218,
      0.00142100325319916,
      0.0014337199972942472,
      0.0014322352362796664,
      0.0014115589438006282,
      0.0012931765522807837
    ],
    "accuracy": [
      0.00070821528788656,
      0.00070821528788656,
      0.00070821528788656,
      0.00070821528788656,
      0.00070821528788656,
      0.00070821528788656,
      0.00070821528788656,
      0.00070821528788656,
      0.00070821528788656,
      0.00070821528788656,
      0.00070821528788656,
      0.00070821528788656,
      0.00070821528788656,
      0.00070821528788656,
      0.00070821528788656,
      0.00070821528788656,
      0.00070821528788656,
      0.00070821528788656,
      0.00070821528788656,
      0.00070821528788656,
      0.00070821528788656,
      0.00070821528788656,
      0.00070821528788656,
      0.00070821528788656,
      0.00070821528788656,
      0.00070821528788656,
      0.00070821528788656,
      0.00070821528788656,
      0.00070821528788656,
      0.00070821528788656,
      0.00070821528788656,
      0.00070821528788656,
      0.00070821528788656,
      0.00070821528788656,
      0.00070821528788656,
      0.00070821528788656,
      0.00070821528788656,
      0.00070821528788656,
      0.00070821528788656,
      0.00070821528788656,
      0.00070821528788656,
      0.00070821528788656,
      0.00070821528788656,
      0.00070821528788656,
      0.00070821528788656,
      0.00070821528788656,
      0.00070821528788656,
      0.00070821528788656,
      0.00070821528788656,
      0.00070821528788656
    ],
    "val_loss": [
      0.0016077067703008652,
      0.001024726196192205,
      0.0010899370536208153,
      0.0009060600423254073,
      0.0010030801640823483,
      0.0008476789225824177,
      0.0008366230176761746,
      0.0008171024965122342,
      0.0017073630588129163,
      0.0008224767516367137,
      0.0007964717224240303,
      0.0007437658496201038,
      0.0008201272576116025,
      0.0009176990133710206,
      0.0008899547392502427,
      0.0007241762359626591,
      0.0006949781090952456,
      0.0007088820566423237,
      0.0006913242395967245,
      0.0007070848369039595,
      0.0006806416204199195,
      0.0007483052322641015,
      0.0006793435313738883,
      0.0006975685828365386,
      0.0007355782436206937,
      0.0006891128141433001,
      0.0006593611324205995,
      0.0006604964728467166,
      0.0006661494844593108,
      0.0006614621379412711,
      0.0006766598671674728,
      0.0006564201321452856,
      0.0006668097921647131,
      0.0006529162637889385,
      0.0006533766281791031,
      0.0006542925839312375,
      0.0006680016522295773,
      0.0006495778798125684,
      0.000649910478387028,
      0.0006507984362542629,
      0.0006476807757280767,
      0.0006484419573098421,
      0.0006478801951743662,
      0.0006506679928861558,
      0.0006480698939412832,
      0.0006496814894489944,
      0.0006484499899670482,
      0.0006488561048172414,
      0.0006483730394393206,
      0.000647994049359113
    ],
    "val_accuracy": [
      0.0028248587623238564,
      0.0028248587623238564,
      0.0028248587623238564,
      0.0028248587623238564,
      0.0028248587623238564,
      0.0028248587623238564,
      0.0028248587623238564,
      0.0028248587623238564,
      0.0028248587623238564,
      0.0028248587623238564,
      0.0028248587623238564,
      0.0028248587623238564,
      0.0028248587623238564,
      0.0028248587623238564,
      0.0028248587623238564,
      0.0028248587623238564,
      0.0028248587623238564,
      0.0028248587623238564,
      0.0028248587623238564,
      0.0028248587623238564,
      0.0028248587623238564,
      0.0028248587623238564,
      0.0028248587623238564,
      0.0028248587623238564,
      0.0028248587623238564,
      0.0028248587623238564,
      0.0028248587623238564,
      0.0028248587623238564,
      0.0028248587623238564,
      0.0028248587623238564,
      0.0028248587623238564,
      0.0028248587623238564,
      0.0028248587623238564,
      0.0028248587623238564,
      0.0028248587623238564,
      0.0028248587623238564,
      0.0028248587623238564,
      0.0028248587623238564,
      0.0028248587623238564,
      0.0028248587623238564,
      0.0028248587623238564,
      0.0028248587623238564,
      0.0028248587623238564,
      0.0028248587623238564,
      0.0028248587623238564,
      0.0028248587623238564,
      0.0028248587623238564,
      0.0028248587623238564,
      0.0028248587623238564,
      0.0028248587623238564
    ],
    "lr": [
      0.0010000000474974513,
      0.0010000000474974513,
      0.0010000000474974513,
      0.0010000000474974513,
      0.0010000000474974513,
      0.0010000000474974513,
      0.0010000000474974513,
      0.0010000000474974513,
      0.0010000000474974513,
      0.0005000000237487257,
      0.0005000000237487257,
      0.0005000000237487257,
      0.0005000000237487257,
      0.0005000000237487257,
      0.0005000000237487257,
      0.0005000000237487257,
      0.0002500000118743628,
      0.0002500000118743628,
      0.0002500000118743628,
      0.0002500000118743628,
      0.0002500000118743628,
      0.0002500000118743628,
      0.0001250000059371814,
      0.0001250000059371814,
      0.0001250000059371814,
      0.0001250000059371814,
      0.0001250000059371814,
      6.25000029685907e-05,
      6.25000029685907e-05,
      6.25000029685907e-05,
      6.25000029685907e-05,
      6.25000029685907e-05,
      3.125000148429535e-05,
      3.125000148429535e-05,
      3.125000148429535e-05,
      3.125000148429535e-05,
      3.125000148429535e-05,
      1.5625000742147677e-05,
      1.5625000742147677e-05,
      1.5625000742147677e-05,
      1.5625000742147677e-05,
      1.5625000742147677e-05,
      7.812500371073838e-06,
      7.812500371073838e-06,
      7.812500371073838e-06,
      7.812500371073838e-06,
      7.812500371073838e-06,
      3.906250185536919e-06,
      3.906250185536919e-06,
      3.906250185536919e-06
    ]
  },